"","V1","V2","V3","V4","V5","V6","V7","V8"
"1",-0.0262451595473307,0.109618620442565,-0.0883336582880419,0.0570415542406051,-0.113822367926226,0.02724500242998,-0.0317452430799008,0.0134733782552642
"2",0.022770757997869,-0.0888730149578806,0.0540084614016647,0.0186165137960263,0.0419672058408387,0.229425600562004,-0.0329339242632357,-0.0502871027557989
"3",-0.0308909602850612,0.110836171929731,-0.104511415652169,0.0243622266460395,-0.0513984448061474,0.0611278519480934,-0.0313298468478627,0.00775683684957573
"4",0.000361867897669524,0.0623395022084396,-0.0619344587428586,-0.0261103248176159,-0.0612547639577404,-0.0365778054660454,0.199354443418792,-0.0593395320601331
"5",-0.0201388472043805,0.107624911357755,-0.103235383214849,0.00153012516181495,-0.0678856772806705,0.0199207179908003,0.0901638986502631,-0.027870843655719
"6",0.01423947455864,-0.0237395494335774,0.0413294805016466,0.0323730479033528,-0.0573885246621801,-0.0573551199346973,0.0738481193346238,-0.048470126509936
"7",-0.0653239146767334,0.0122655940099408,0.0314389715064269,0.0302825936866131,-0.00830113018096751,0.00312679557413353,0.0253466783265742,-0.0138900923641925
"8",-0.0543814411599903,0.0128934573762461,0.0275761524076908,0.0265995784118492,-0.0122483533471253,-0.0252681982407682,0.0649017803378249,0.0312588136527604
"9",-0.0652978895609237,0.0347362712413097,0.0293705811362174,0.00377173752448229,-0.00599801361317062,-0.0239673841585785,0.00922839213248683,-0.0219794325103538
"10",-0.0669122521529848,0.027267596920373,0.0278481867332197,0.00575443993239522,-0.00629406889224653,-0.0253994605408331,0.0167198800095947,0.000422058058335395
"11",-0.0685512099271305,0.00305314698367335,0.0283831860419599,0.0218585688944506,0.00404381298410248,0.014944593432452,0.00903122374261656,0.00381955557329311
"12",-0.0433046758680953,0.0723287886956548,-0.0390557847887938,-0.00279268260449823,-0.018875375916395,-0.155191978546896,0.0433652633182426,0.0051800199826628
"13",-0.0530977425975182,0.0209142526346493,0.0357233110360286,0.0343673015205813,-0.0145446536490371,0.0154933737522411,0.0409733612929782,0.0211968780092718
"14",-0.0577601409949801,0.0195316358890308,0.0328689059283003,0.0374215402696673,-0.0118491521796738,0.00903092227867772,0.0368398030556066,0.0114027775323509
"15",-0.0633248414177912,0.014106667530097,0.0287454697789503,0.0189603888021626,0.0150044219978802,-0.00695141785061676,0.017340968811659,0.00136793238857713
"16",-0.0621883737946765,0.0255977097168938,0.0206008841602491,0.0129022559014598,0.0150618433321679,-0.0113394414936799,0.0130185512286005,-0.0469530505478467
"17",-0.0617471509339814,0.0217770544769128,0.020480190628434,0.0164582544210738,0.0153336231061901,-0.01161607099224,0.0118146145440532,-0.0537261334707683
"18",-0.066383642575908,0.00199072866159762,0.0205965930070891,0.0166202850892294,0.0104877083543919,-0.01164631112033,0.0168066156641728,-0.0133473314772821
"19",-0.0664894117448917,0.00323650073099281,0.0214301304215066,0.0143476628136116,0.011881411738346,-0.00965162749101994,0.0146305046764534,-0.00376367082321838
"20",-0.0678217534233672,0.0116949502176173,0.0196864004671547,0.0225619787368578,0.00452356488893859,0.010836234003162,0.00369462464234445,-0.000951228191908148
"21",-0.0652453460002054,0.018992119513131,0.0402363410411957,0.0295569356677664,0.00620179342488129,-0.00505004367576098,-0.0179444902853135,-0.0286628920202252
"22",-0.0653876003162608,0.0202729033470848,0.0389185987594751,0.0226198688519778,0.00810125186659592,-0.00779088241969587,-0.0212166425631913,-0.0230900615647261
"23",-0.0658603750868524,-0.00277763186836235,0.0369068598849274,0.0387642402476101,0.00343652275484715,0.0557258816526363,-0.00680963190463656,-0.0123401509694027
"24",-0.0661627138515137,-0.00481936069372421,0.0323404926069929,0.0297114370787144,0.00798199439457884,0.0574484098898305,-0.0195690068498654,-0.00245137553984825
"25",-0.0634133528080568,0.0120683541694755,0.0512970516313103,0.0324277419366932,0.000764897061048131,0.0501122436669239,0.00108605421820962,-0.00916550543476939
"26",-0.0652547703681374,0.0103563012172182,0.0395311148875088,0.0246147249045784,0.00494729133259764,0.0418691346805616,-0.010138211170376,-0.00910335147463888
"27",-0.0612987364746924,0.0493739334864421,0.0413269007757441,0.00769194934167914,-0.0207907607682929,-0.0353798188726966,-0.0154163730118049,-0.0211307955492354
"28",-0.0616978249757764,0.0527546006233195,0.0385833769205754,0.00461753476644806,-0.0151703666564194,-0.0376263761125898,-0.00997009802234551,-0.0148143505842192
"29",-0.0631331896298337,0.0238357762820723,0.0468538911368138,0.0242382595083576,0.0048671422754688,0.0437940987400175,-1.89032016026631e-05,-0.0249715638267044
"30",-0.0634495327923035,0.0255121072557981,0.0459430919876914,0.0203365233812503,0.00533277438698597,0.0439067705750088,-0.00403520970071561,-0.0194468931967245
"31",-0.0638039560099271,0.0244742069092544,0.0573438589007842,0.00703787543347279,0.0100253420731876,0.0344687086697685,-0.00356873221796336,-0.0113244691221052
"32",-0.0643182889117671,0.0352339402366043,0.0434050241725768,0.0103193919915887,0.00278654481260768,-0.0168508616198393,-0.00737004953489785,0.00372219395610435
"33",-0.0642006595544607,0.0353480428243479,0.0425611198688165,0.00633323860932414,0.00284159099841182,-0.0170573063093591,-0.0127271157319608,0.0110736697396233
"34",-0.0641909993184444,0.0223888617346796,0.05152327872628,0.00785486266956094,0.00279261690212491,0.0218386463816521,0.00610635656162684,-0.0114680572252708
"35",-0.0638603118890327,0.0219898327003324,0.0435670774663431,0.00410838800430868,0.00862844189159254,0.0197696967078763,-0.00222750023826056,-0.0161967131109186
"36",-0.0634046774938502,0.0349779518633006,0.0390238276518263,0.0240275855726811,0.0139209599150184,0.0126324018625498,0.022956504314436,-0.0343527294895212
"37",-0.062428362551299,0.0356450749205443,0.0400330225471713,0.0183834710121074,0.0160059281287746,0.0164433401373772,0.0124088496533029,-0.022734650411241
"38",-0.0616008581126037,0.0305465424308907,0.0315548559140766,-0.00245489551501063,-0.00138280036957259,-0.00774372625600021,0.0588294940609877,-0.0299286841115498
"39",-0.0628273599408182,0.0296064210704955,0.0327743229081642,0.00135039622602199,-4.22649463925654e-05,-0.00182148568139037,0.0520879012950623,-0.0316420982639946
"40",-0.0519257667478091,0.0216580093173561,0.0338479599545251,-0.00592189819888167,-0.00427913854870714,0.0319588473281032,0.0898343839537467,-0.0057707646647675
"41",-0.0535336454077914,0.023646609258812,0.0304164052832708,0.00143341539059767,-0.00194219397680349,0.0308233820556576,0.0721458787507923,-0.0169166541908064
"42",-0.0597701530703964,0.0503754260698298,0.000869473366623889,0.00152488210598771,-0.00348631588967973,-0.0490159325400223,0.033834476286685,-0.00932324680724283
"43",-0.0638161476229455,0.0259997802962562,0.0535747639642984,0.0150534065168652,0.00202685111668231,0.0295324563514175,0.0134824218769916,-0.0300015471578424
"44",-0.0642925037661594,0.0245380575754496,0.0500817028773455,0.0106079174293693,0.0059790251799823,0.0258948779638779,0.0121681503178181,-0.0224860352684428
"45",-0.0522479365034099,0.0548862277858658,0.0290226875993958,0.00545062036141094,0.00321818339707554,-0.0885829357906422,-0.00512338530118306,-0.0396714900758615
"46",-0.051871904741388,0.0622168135020248,0.0290916045942433,0.000866026443619728,0.00302392938155477,-0.102855916459874,-0.0027510344868187,-0.0261390446599405
"47",-0.056208766337203,0.0196414241105665,0.0410646419444526,0.012163598728225,0.016515125275144,0.0157578198742268,0.040366543497939,-0.0467438292741045
"48",-0.0557142438906702,0.0236292818883004,0.0379360700234817,0.00726812912693178,0.01456457231738,0.00584696512787288,0.0305314774591229,-0.0353613029001673
"49",-0.0521531813749867,0.0404561093802912,0.0346874964010918,0.00272144661144243,0.0127751406655143,-0.034060296048911,0.00304660805471072,0.00559155251609065
"50",-0.0525143079957966,0.0290564958282229,0.0325347815500048,1.23039944061418e-05,0.00445567808326618,-0.0382851448916897,0.00627286625672769,0.0097476009657821
"51",-0.0677424581575774,0.00354389677427122,0.0289502199575977,-0.0180410383762357,-0.00259166015021437,0.0115125084206102,-0.00652587884094804,0.0293400467976879
"52",-0.0579029616671237,0.00297275170406392,0.023442129458805,-0.026691317732428,0.00359450699351995,-0.00880186580866319,-0.0178666478845894,0.0377363192326757
"53",-0.0622345006276932,0.035586098682048,0.0595200082826325,-0.0314984300228967,-0.0313634287166699,0.01101186260708,0.00193025244360978,-0.0112723581690465
"54",-0.0652327512110654,0.0146201434191407,0.0606806076970918,-0.023806885576548,-0.0245649477325663,0.0209897430415617,-0.00311606678596703,-0.00219602923640192
"55",-0.0482371721985179,0.0389119001789254,0.00529461364861502,-0.0319405928079105,-0.039394611831909,-0.119659662967098,0.00954115835867415,0.0207618946240748
"56",-0.0568575259346417,-0.000960588022646684,0.0272774901268011,-0.0195453146400365,-0.00415511389556269,-0.00408873252150337,0.00921692362777445,0.0393361500829337
"57",-0.0577867024994018,-0.00108001984874959,0.0309213179179395,-0.0134462168286767,-0.00294712080492437,-0.00499071168577185,0.0152801883822116,0.0394283705306368
"58",-0.0622084708645882,-0.00198718131592669,0.0310187949143014,-0.024732970978671,0.00193452789996802,0.0170238039388541,0.00790144727204878,0.0832493952239224
"59",-0.0617191475998575,-0.000837326679785703,0.0306669865771044,-0.0268471639626543,0.00348835737836607,0.0203345923216263,0.00360286685607899,0.0924362226131357
"60",-0.06495007651461,-0.000522980790563349,0.0364865601016754,-0.0163270692614833,-0.00542891392010385,0.0232832895071507,-0.00207800386179265,0.0512808036525164
"61",-0.0649796977313247,-0.000438967246610455,0.0334007344227186,-0.0189134037979528,-0.00579789575288511,0.0244079444779664,-0.00578285249178097,0.0538691042468505
"62",-0.0666043948590739,-0.009759063869289,0.0302262511278289,-0.00232222959417846,-0.00213048156662153,0.011303815434571,0.0026203981662301,0.022990471108228
"63",-0.0669297627718599,-0.00634596157131706,0.0277651939115917,-0.00145380165435219,-0.0015097453617482,0.00574117386077072,0.0038700631723461,0.0141149767488399
"64",-0.064806259736268,-0.00549777063590201,0.0332600495554342,-0.00960675548839043,-0.0145771038278403,0.0121104739327891,0.018155077520864,0.03312375173501
"65",-0.0653711626432991,-0.00378680448373288,0.0326125322392041,-0.00346460792795902,-0.0114416666154723,0.00853888613783882,0.01563225087106,0.0302221991978545
"66",-0.0651331330779223,0.0286355787260166,0.0385419282558898,-0.0196594730686004,-0.0109595349064769,-0.0102358142321195,-0.0147220141705928,0.0103938689594212
"67",-0.0647235364070563,0.0280768702239873,0.0416858559192987,-0.0190741861853604,-0.0119742480418953,-0.0132325606880774,-0.0152419066936116,0.0135014885747819
"68",-0.0679410534974381,0.0119607501993698,0.0305333964000956,-0.0200696152687216,-0.00714094456012061,-0.002255570454471,-0.00464995261935354,0.0198774651121663
"69",-0.0681723840101199,0.013527602963695,0.0277402077802765,-0.0161013448540798,-0.00540571867646615,-0.00498283734036204,-0.0013957454225539,0.00908954171495075
"70",-0.0637527051822687,0.0270575994978991,0.0644105928891737,-0.0367734564735558,-0.02072584357321,0.00639858498160588,-0.0123688217674567,0.0304195763948166
"71",-0.0645264955431122,0.0257669318560662,0.0595446484925498,-0.034456745612355,-0.0177161801918989,0.00576309603873853,-0.00984566465801049,0.0183709891864425
"72",-0.059520341804159,0.0560645823688449,0.0649576348169046,-0.0427894682002974,-0.0271410602404311,-0.0117126870587813,0.000423233182480608,-0.0212025311899846
"73",-0.0591514408707995,0.0561856109631401,0.0667428316267318,-0.0453137057311344,-0.0265653713098739,-0.0143508455919353,-0.00349666710493784,-0.0117062369267382
"74",-0.0649679026054802,0.0355753608225282,0.0524461244267587,-0.0235447077789602,-0.0144463195829182,-0.0177730495581049,-0.00939121276125475,-0.0111542640522942
"75",-0.0646995823928325,0.0377570261017878,0.051683997754166,-0.02592806995257,-0.0132294418586438,-0.0182587158993535,-0.00928766202721226,-0.0116871861029995
"76",-0.0591670321420314,0.0479531267949856,0.0700877620152462,-0.0363339961829946,-0.0176383887259742,-0.0181813587785657,-0.0160554137589058,0.00329947629355069
"77",-0.0603867488438623,0.0451739036334172,0.067789013968553,-0.0357909620959364,-0.0171786487039304,-0.0163554780463548,-0.0133931685152266,-0.00015321908917768
"78",-0.0612022530491215,0.0344024240201856,0.072378005894413,-0.0340688018675707,-0.0182654911042748,0.0325952605545738,-0.0260814284190037,0.0123612899063001
"79",-0.0612704698271368,0.0360909769911996,0.069144070242826,-0.0340790098560751,-0.016060902893745,0.0281247671159201,-0.0311019844520807,0.0111368809454217
"80",-0.0608022579152676,0.0330707045348216,0.0772158821988878,-0.0430498116688502,-0.0250153881697756,0.0378283819885784,-0.0122437263159571,0.0139738347085444
"81",-0.0619415588791825,0.032909706436511,0.0672599426194087,-0.0437785005400512,-0.0192473468839868,0.035805281633502,-0.0157442684792257,0.0111976639283736
"82",-0.0630176398974798,0.0418770362034632,0.0547073845752274,-0.0214033359038465,-0.00765378709655431,-0.0018433040868911,0.00566441355364594,0.0136836523487306
"83",-0.0626963038088929,0.0417191706603689,0.0541043565311181,-0.0237485263648395,-0.00698720162748004,-0.00439700314919092,-0.00294821286439129,0.0211458921673993
"84",-0.061537866645985,0.0416795183915498,0.0570792936540025,-0.0454680957360798,-0.0257918092260171,-0.00303498400453957,0.029653044857151,-0.00744475717327023
"85",-0.0618857088471574,0.041158977957063,0.0559373960675942,-0.0490186318172048,-0.0243685395063234,-0.00237758992058859,0.0264032624160523,-0.00409360286964315
"86",-0.0583970277829245,0.0241959290852392,0.0606490158754676,-0.0454740702639811,-0.0255702800449386,0.03958077948195,0.0438906304942939,0.0675929647897421
"87",-0.0594034984811567,0.0216879707887244,0.0569664705443445,-0.0437537452858808,-0.0196280362485169,0.0363437044664895,0.0338681518919841,0.0572740054837714
"88",-0.0617271724811554,0.0174706049575791,0.0537834844440484,-0.0371227979827965,-0.0179228535488652,0.0233033319576092,0.00974588808819705,0.0287161171336321
"89",-0.0622127215174636,0.0198400346555949,0.049557790729638,-0.0394703179662189,-0.0168563678507524,0.0232387139121062,0.00768050204487477,0.0361916699288761
"90",-0.0636134393691211,0.0346140495402901,0.0668731059500944,-0.0303934511846656,-0.0208967517892422,0.00515337561967508,-0.013496395997035,-0.00567189481756804
"91",-0.0643432916687609,0.0348690241820779,0.0599526151597373,-0.0300418241191371,-0.0165945896177113,0.00222692824999923,-0.0135100003239806,-0.0050555892774548
"92",-0.0556501942772764,0.0653861078713902,0.0330136382406622,-0.0274397164295144,-0.0104650681924345,-0.0878099296472315,-0.0112116140609141,-0.000307790540559295
"93",-0.054711532819002,0.0681251752395149,0.0302370978484633,-0.0319311640579459,-0.0125735531227129,-0.101540518147774,-0.0196520037034461,0.00777864908219306
"94",-0.0612882028816178,0.0309728176308668,0.0474750557386593,-0.0287783856038083,0.000584227095147301,0.0211809890304397,0.0301964657609249,0.0265377474196876
"95",-0.0608798349647262,0.0330874220297598,0.0472848204816161,-0.0323902545124029,0.00204830384484706,0.0147768979732183,0.0203179927067087,0.0372009362831716
"96",-0.0536813305649484,0.0411081600997367,0.0458847945188828,-0.0368596088075917,-0.0218292668462193,-0.0187270465213445,-0.017694513250211,0.0300515570278259
"97",-0.0351009125728641,-0.0246886089043075,-0.0253484238937434,-0.0187623372211403,-0.0160686647603148,-0.0313351955584849,-0.0668219226708316,-0.174827732178162
"98",-0.0234102843037928,-0.00932502036070772,-0.026963761924463,-0.0463065340672092,0.0186660733740821,-0.0392525376838187,-0.107606083829922,-0.154973309314873
"99",-0.0255092137892348,-0.0933886735373423,-0.0222428689656163,-0.0478880371489202,-0.0280261581380172,0.05418851076104,-0.071476381294075,0.0310148188195148
"100",-0.00444489831511224,-0.0984745902662132,0.0547843040521543,0.0137007538827592,0.0251121033135792,0.177813811424009,-0.0534258287438226,-0.016219513510021
"101",-0.0215407560548743,-0.0120860827080735,-0.0273370239655276,-0.036745071514071,0.00906204397926261,-0.049031115986609,-0.0873882533940823,-0.151457945040619
"102",-0.0203222281917886,-0.0186178941503436,-0.0281254716129378,-0.0452372868320734,0.00897565382757553,-0.0460333774057599,-0.084524280680394,-0.143194283981375
"103",-0.0209912056572034,-0.0484701224810642,-0.0122972183452666,-0.0349457644018396,-0.0180926701759133,0.053335882109569,-0.0575648543265589,0.00892300532907908
"104",-0.032335886391691,-0.0558336448635386,0.00143576188107832,0.0288041899366407,-0.00635569632816455,0.0306577506013891,-0.0467805003062482,-0.166661889191123
"105",-0.0331890942618608,-0.0524358317823645,-0.00250756129188151,0.0298692049393524,-0.00821810924685834,0.0244096705580792,-0.0371296607952884,-0.175726028639687
"106",-0.0204601467937944,-0.0602435680649107,-0.0345995115107055,-0.105624976429489,-0.0564399822227103,0.0420115077475109,0.0614322170697823,0.0755956423061823
"107",-0.0319836087876868,-0.0466922677749517,-0.0446149087854804,-0.0987440044070153,-0.0319336047032927,-0.00464296158215902,-0.0202245136864821,0.0200798864263067
"108",-0.0302538789584869,-0.0419981130821533,-0.0336196799192233,-0.123334996123681,-0.0530632239568459,-0.0259600650421142,0.00138600895428668,-0.0242241571260837
"109",-0.0191484455071911,-0.0345124816300758,-0.033597538396705,-0.116515828654311,-0.0669953781891878,-0.0173667691883935,0.0375067414434891,-0.0379643074682941
"110",-0.0177352095363891,-0.0405804405901911,-0.0319895568382127,-0.180802536909628,-0.0904208491952899,0.0255456730914535,0.00337495708303057,0.0793098006982303
"111",-0.0178483634423203,-0.0532083853762049,-0.0306818931020864,-0.175776688948802,-0.0885462542345096,0.0409366633587459,-0.00552681545509532,0.0718472072619589
"112",-0.0314127868596688,-0.0741051542256698,-0.0546009328908362,-0.134775094792842,-0.051512519868517,0.0331163087542071,-0.0140756470584791,0.0620537640660674
"113",-0.0294515503578024,-0.0754593780608283,-0.056125027968898,-0.134880729123119,-0.0582286749038073,0.0337039005613302,0.00222565354877536,0.0305078920862133
"114",-0.0244026231759591,-0.0640884734680776,-0.0447458947486824,-0.131289013751786,-0.0795927807585824,0.0341181033117919,0.0095746187979687,-0.0275119679863692
"115",-0.0230236146189825,-0.0588156421155558,-0.0378661967762025,-0.0923888766299626,-0.0936265736661527,0.0435634196685076,0.0138013141858321,-0.136139876877622
"116",-0.0325445999187532,-0.0350239366374036,-0.00114540958564043,-0.0940526246653929,-0.0928662915942988,0.0096641419072865,-0.00728901872495191,-0.179693439877418
"117",-0.0229984528154787,-0.036078050909271,6.42932578383203e-05,-0.0808758585675008,-0.0970405077400962,0.028523724057426,0.000599587732477967,-0.172700630655727
"118",-0.00966007447112784,-0.0565436561687499,-0.0260220080321408,-0.121745443282636,-0.0910689574501985,-0.0127082944834013,0.0599364013600191,0.0375039460397072
"119",-0.0209368808530459,0.000530382399904801,-0.027218464911783,-0.162175393962755,-0.071010770202667,-0.0711279026728873,-0.0372538795309256,0.0615657386908862
"120",-0.021757606114206,-0.00568229955940105,-0.0322744710979884,-0.152584703591443,-0.066354211692736,-0.0674245964337434,-0.0377553305876613,0.0567010763152753
"121",-0.00157234202847384,-0.0622236386476221,-0.0285915171894074,-0.0975110759212122,-0.0353610649947625,0.109694737870759,0.0146843021002394,0.085326504235126
"122",-0.00262324258786409,-0.0747783612539842,-0.0174826766056242,-0.0678588976180777,-0.02803149954591,0.156053505092058,0.000848718052313624,0.0387019749582252
"123",-0.0620903088921186,0.00224589021196284,0.044355421009434,0.00613520893444795,0.0247149851516732,0.0542375372859959,0.00690461193700077,0.0103916050008586
"124",-0.0609699667567385,-0.000260487898246162,0.0498973802042531,0.016919023007874,0.0114959588013339,0.0583839797790356,0.0183577314329528,-0.00524440278375657
"125",-0.064389223081076,0.0285453139953137,0.0429785586203691,0.0246062825626088,-0.00178979795814128,-0.00253657271915276,-0.0261673706059827,-0.034627954529799
"126",-0.0640759296281831,0.0246388356533388,0.0464221939856759,0.0286415741986762,-0.00240831726292029,0.00612847609556874,-0.0233944099858191,-0.0383292462859783
"127",-0.0577412540298661,0.0223244771588694,0.0258906393814221,0.00148655789800309,-0.00212046534455256,0.00243328674284989,0.0402679065325444,-0.0466743974865861
"128",-0.0571959407696862,0.0186586986874285,0.0250871723953553,-0.00239385282001146,-0.000702774318144982,0.00458000155275398,0.0552446742892314,-0.0460041031583835
"129",-0.0416127720654624,0.00581250388950915,0.0210696782975069,0.010621395402317,-0.00235371077083709,0.0467661000342805,0.0698425633486564,-0.0682578599061842
"130",-0.062790593491799,5.72261486650282e-05,0.040037361623367,0.0477509473714588,0.00361108180065654,0.0629322221986134,-0.00529685679732095,-0.0191595674960445
"131",-0.0645006272621929,0.00976234480886238,0.0325711505019002,0.0078396870823997,0.00408400415559931,-0.000971040125754286,0.0106005258068048,0.034372106522707
"132",-0.0651500029516959,0.0270026014237785,0.0408743780850264,0.0152829391920546,-0.0113551070307292,0.0125425302110424,-0.0131937033083702,-0.0373966103586406
"133",-0.0652494611254844,0.0245405768674745,0.0447509284635014,0.0126468871871712,-0.00151659595556279,0.0126281573729181,-0.0115215972628274,-0.0135480127726533
"134",-0.0654114722167262,0.0221445512279503,0.0481878607832659,0.0206847340924502,-0.00228997234328195,0.0181216014989802,-0.00270184626453719,-0.022037663308256
"135",-0.0660328401771904,0.024667097602308,0.0430055459129488,0.0107610281759021,0.00396681362121208,0.0204036186938612,-0.00349610003344173,0.0033894277720507
"136",-0.0659830197585865,0.0251317274063064,0.050496746080541,0.0126972955095422,0.000131116891433234,0.0222248131025254,0.00747881193383367,0.00334990164627067
"137",-0.0574711084892157,-0.00641172911755735,0.0235205835055348,0.0198825614469006,0.0192390584458026,0.0279329662865764,0.000456765218298752,-0.0116131824074391
"138",-0.0655204267079941,0.024481183024448,0.0317163320493466,0.0124107277235232,0.00421746891733596,-0.0149411448629791,-0.0126796234727885,-0.0101028574826422
"139",-0.0653406042441324,0.0213171203464322,0.0372970817683115,0.0191982082802803,0.00448077509706649,-0.00536886701689877,-0.00264759725502108,-0.0149357190217926
"140",-0.0647354602622757,0.0280504709162077,0.0541076136903256,0.00448154405079068,0.00453982515548511,0.0236958277613528,-0.00856710212567459,0.00463405657949113
"141",-0.0629536985673022,0.00112520953140201,0.0562371205966184,0.034407696166718,0.0221452212783791,0.0806785279854151,-0.0138585810137449,-0.0343002252396042
"142",-0.0625383297886305,0.000925437655667604,0.0553286029761796,0.0433282084959371,0.0198668273193522,0.0769726689693871,-0.0118616277500864,-0.0484935145859997
"143",-0.0595472247400486,0.0292499077932731,0.0393517072103962,0.0141408432868143,0.00688183249767972,0.0325830631380756,0.0228151075942974,-0.0333918547857733
"144",-0.0614350242714383,0.0241717611042353,0.0393429729623976,0.0169161476673463,-0.00439300752627963,0.0256775391198628,0.0238135400862678,-0.0463328386110788
"145",-0.0612941650889019,-0.0316169031686735,-0.0540015410739855,0.0319403077996101,-0.0062016485415878,-0.0484814656382676,0.0047817282205533,-0.0187735494751132
"146",-0.062294732215757,-0.036124586323034,-0.0523800387093863,0.0235477400096937,-1.58926151895118e-06,-0.0445245956592399,-0.0083359858304556,-0.0128016426253571
"147",-0.0578859095966528,-0.0751679787263446,-0.0496684935311298,0.0228829714822239,0.0106386231453355,0.0233186259870661,0.0153054167368965,0.0280431364820216
"148",-0.0635647014325394,-0.04237492495412,-0.0489793573645171,0.0203554439592489,0.0121388852095567,-0.0318318709882609,-0.0208193917253524,0.0437876700907944
"149",-0.063487049273188,-0.0419828901267491,-0.047820398573158,0.0231314396655342,0.0139723691580001,-0.031849771420641,-0.0208582912646994,0.0405820397288568
"150",-0.0508697191921197,-0.0495296063962407,-0.014741648317027,0.0250210117837771,0.0121222547430081,-0.00985803656710245,-0.0257263022646065,-0.0057079644171783
"151",-0.0642734301226345,-0.0407758260509433,-0.0373862235394919,0.0302394698698592,0.00918012400919492,-0.0153770073736725,-0.0144550794308258,-0.023597961178165
"152",-0.0647507078944829,-0.040869862774659,-0.0367597057769166,0.0273974514070896,0.00936863599072772,-0.0127278002990975,-0.016652150950653,-0.0195827326327598
"153",-0.0574030590015824,-0.0406767703112582,-0.0449216548066843,0.0394330612335206,0.00986283136712664,-0.022515180399248,-0.018467783892417,-0.0832249418741725
"154",-0.0615194591010329,-0.0530632961350746,-0.0531389007341299,0.03556400333536,0.0167697629009245,-0.0184411921023439,-0.000880427865178454,0.0317876210359431
"155",-0.0603109558999767,-0.0621371831239755,-0.0588613761317051,0.0403422021007245,0.00720691759129083,-0.0188401863190508,0.0100195272662918,-0.0185141479948975
"156",-0.0606132384037753,-0.0627508220811435,-0.0578803007323545,0.0354352766547244,0.00952377977001762,-0.0210273001034586,0.001456434027055,-0.0145329514031873
"157",-0.0603086281525944,-0.0614356419912822,-0.057257111134566,0.0396260704443299,0.000860973466489649,-0.0242813323750316,0.0093180125921861,-0.0372885570240625
"158",-0.0608525545733996,-0.0608404257667708,-0.0538157846783202,0.0331409896357095,0.00400867460570275,-0.0247762814972473,0.00580352659072517,-0.0310319871808778
"159",-0.0475088373055165,-0.0467592745390481,-0.00504394327589894,0.0592976200748645,-0.00603521582221851,0.0212079392577725,0.0450160015694371,0.0067851494451373
"160",-0.0623453707895568,-0.0237515827021285,-0.0157288277646483,0.0305090198233515,0.00513308491646902,-0.0120032074127606,-0.0161644856291231,-0.0591457218709598
"161",-0.0600553440291893,-0.0635640821825631,-0.059671495792332,0.0246057143898627,0.0028475126447607,-0.0101870719088156,0.0113840344129285,0.0193559599802563
"162",-0.0621906039887918,-0.0599984618200489,-0.0427790273178669,0.0145601071138186,0.00661915092651285,0.00914448385192519,-0.00369391556420686,0.0317687197299612
"163",-0.0621788111961475,-0.0598722019891218,-0.0440788024199057,0.0121684463703475,0.00980001313182594,0.00858972639239775,-0.00824448170854708,0.0392080571129536
"164",-0.0604167810033611,-0.0569038890243479,-0.0373389609907855,0.0273123515347755,-0.0047523493836626,-0.0369753486214881,0.00377244277275272,-0.00288853222839176
"165",-0.0615537899303083,-0.05451488791438,-0.0355470732078945,0.0296900854839991,0.00332123661077116,-0.0320472117431115,0.00262865146859038,0.0108993687157617
"166",-0.0348356894071951,-0.0161177490368034,0.00966279243921468,0.0103008310416902,0.0234011700451896,0.0433604935870168,0.00460112225143841,0.00437431651643876
"167",-0.0325859047367943,-0.0199396583306694,0.00809158932512476,0.0186913951892073,0.00510770448695464,0.0489422043425861,-0.00692702602818963,0.0104113189172038
"168",-0.0472153943476033,-0.00366225572594158,-0.00729364425760354,0.0175360545428401,-0.0265269895460322,-0.0648499217545516,-0.0121229293483616,-0.00395988320265214
"169",-0.0460806411956456,-0.00307848787853997,-0.00622414887047784,0.0197386694185752,-0.0269792269313357,-0.0748702809853697,-0.0106198665354393,-0.00968085301941777
"170",-0.031919997030002,-0.00654858698349113,0.00843686552686546,0.03976204411535,0.00500953378594941,0.0294190280066251,0.0310547569430444,-0.0807087354086014
"171",-0.0331683674373945,-0.00978333765221308,0.0131232730853966,0.038678417270591,0.01286751127308,0.0456291525286185,0.0320282661935687,-0.0830145439332507
"172",-0.0514781338788379,-0.0176656196616086,0.0156672386494398,0.0646945496229797,0.0034066253669843,0.0621550521089358,-0.0137086994156557,-0.0384923660032559
"173",-0.056110788191245,0.0136945452894041,-0.0128941104671388,0.0280368809342178,-0.0198455079251176,-0.0547167505242428,-0.0256635099783145,0.0161735182435562
"174",-0.0566363412398344,0.00312717045880255,-0.00828288090745737,0.0184041554607627,0.00269595259819384,-0.0442996447593973,0.0213173928388028,0.0134267277547018
"175",-0.0298611065142327,-0.0153595542871737,0.0260270292060677,0.0420005401883433,-0.00253167327909592,0.030495404057625,0.0452179341565018,0.0518617575189585
"176",-0.0560894655788812,-0.0142340605924838,0.0136275281861118,0.0383802892866411,0.0209981068481355,0.0094063948665246,-0.0219335810653277,-0.0365548613347383
"177",-0.0459739953278712,0.014385609912702,-0.0252587080286739,0.0115008730429454,-0.000163262852226278,-0.100132089667475,0.0112722471880881,-0.00837511563452899
"178",-0.0459432420708742,0.005484172553235,-0.0219897309675142,0.0100037237144021,0.000724989814978891,-0.0922290228773942,0.0151570667076909,0.0158750091260704
"179",-0.0269187026436283,-0.00861199045243639,0.018029445994078,0.0047956808563643,0.00932529405326452,0.074964460433907,0.035214282744994,0.00735329658780809
"180",-0.0289414971533405,-0.0140192992602345,0.0240511041482645,0.0162069696073128,0.0102833945240395,0.073255377843224,0.0485845748839649,-0.0270225654684168
"181",-0.0241123353575659,-0.0496681447790122,0.0333431169723503,0.0450213243176525,0.0288177672950905,0.128023901804284,-0.0219048548603539,-0.0849988454599335
"182",-0.0643576841922216,-0.0335430580608667,-0.0363307743762359,0.02120622806157,1.76682470062994e-05,-0.0213744473981926,-0.00251075137149653,-0.0163331624867008
"183",-0.0624653389568948,-0.0599202435861455,-0.0345991279101115,0.0232696407619311,0.00409216267085806,0.0177786383271576,0.00598406227602578,0.0141429471899471
"184",-0.0619497858444474,-0.0612594065866211,-0.0315833583229755,0.0243861697182402,0.00294308310409557,0.0190613987798578,0.00471669897483351,0.0183375599772836
"185",-0.0653627103711279,-0.0339178442323628,-0.0156775229639841,0.0386232865897953,0.00394005548650242,0.0225719115138773,-0.0145944151519653,-0.0329705486116159
"186",-0.0642646842192347,-0.027827329381196,-0.0253991481671252,0.0291348063284555,0.00447435237120361,-0.0257899256301663,-0.0095925725788789,-0.0615042573863255
"187",-0.0653049849987573,-0.0365060457377265,-0.0351857540536696,0.0321761323176653,0.00628510111443576,-0.0128167912798855,-0.00890483896560302,0.0135702276259826
"188",-0.064730025760762,-0.0424423979443359,-0.0375705956474124,0.0349907422647998,8.95258729211498e-05,-0.0167074116043437,0.00710751302417922,-0.0285859151569347
"189",-0.0646033592798776,-0.0451784346931003,-0.0360848460422254,0.0333287350821203,0.00208129626837404,-0.0164293957807718,0.0022988065017032,-0.0278702868323561
"190",-0.0651625118187163,-0.0419259895239633,-0.0375972050298507,0.034055078022444,-0.00178609524433882,-0.0170191655565728,0.00902198454849303,-0.0363980173313032
"191",-0.0652490724380547,-0.0430262548940585,-0.0336880365368463,0.0297078863875417,0.000102739171692032,-0.0171180932084966,0.00937949476356191,-0.0340561283197267
"192",-0.0474489163403846,-0.0395419135549739,0.00667586588011801,0.0600843614809096,-0.0117480516159276,0.0273897452127083,0.054655083393503,0.0133050548240916
"193",-0.0621504422927615,-0.0508830235019303,-0.0306854710387486,0.0361695927407282,0.00206805808295663,0.0100997241462227,-0.00104471690077801,-0.0521548914263176
"194",-0.0647304508589275,-0.0483114144633843,-0.0377702117774017,0.019186876828559,0.00215486243345486,0.00377948880811027,0.00664275268136295,0.0165372569527548
"195",-0.064382494505985,-0.0498931516641529,-0.0374761158554783,0.0155679694322644,8.55727698954146e-05,0.00217001734891686,0.00253550201354009,0.0179187297241014
"196",-0.0629408981817434,-0.0574431138789366,-0.0217665348878873,0.0207964088924615,0.0117208888714034,0.0472165379875155,-0.00891189048618336,0.0132921013243207
"197",-0.0629317870097087,-0.0571964726701442,-0.0231334367438641,0.0196364472109894,0.0133596172131715,0.0446295341361147,-0.0131130020946745,0.0184239258466779
"198",-0.0643803767581706,-0.043718168344214,-0.025457269362263,0.0269741894623896,-0.00644347843241496,-0.0284327695784372,0.0111771970561059,-0.0207323662608872
"199",-0.0608856301614004,-0.0340567731196661,-0.0581185921105076,0.0225893683965176,0.000650093710624724,-0.060340029768908,-0.00771024442773936,-0.0125632069910305
"200",-0.0558541651936482,-0.0786816109148477,-0.0549563248267047,0.0228039728791609,0.0174675237341575,0.0279617598208723,0.020839679416215,0.031948518976488
"201",-0.056340846488031,-0.0772219628531714,-0.0534717264002232,0.0222974405569809,0.0164907198061059,0.0251240207325146,0.0188729685344739,0.0365952851237702
"202",-0.056317234921399,-0.0613334952729838,-0.048290224019772,0.0382849569251476,0.0226389928981651,-0.0128459262559224,-0.0450422450926112,0.0555727892779935
"203",-0.0574329984243563,-0.056420208277453,-0.0480791793140043,0.0417453451518419,0.0220903475035296,-0.0161475243748291,-0.0514343498803743,0.0476950495622163
"204",-0.0480706488728035,-0.0499434314829255,-0.0155993507835437,0.0210696970256537,0.013311765962392,-0.0148192701601561,-0.0323064578318165,0.00985499657258177
"205",-0.0616676372639531,-0.0395051908815526,-0.0529061012913567,0.0164843298982057,0.0143046215384984,-0.0574580614048738,-0.00690787199784982,-0.0112408798446462
"206",-0.0624644195644302,-0.0400414536959622,-0.0516377942353221,0.0115708753731432,0.0153846821262321,-0.0503721235943806,-0.0127627206374355,-0.00327843358204679
"207",-0.0480179369628787,-0.0477277617866109,-0.0568456992081511,0.0445548022199115,0.0123630199571491,-0.0116000490288482,-0.0244740142868383,-0.0932235693328217
"208",-0.0584110056154803,-0.0609968340420436,-0.0606575132782777,0.0338660741982553,0.0251617793995204,-0.0186489366226146,0.00745210880039805,0.0420343801218436
"209",-0.056657389181949,-0.0712092469688956,-0.0658874639463548,0.0435144393714064,0.0115618703232502,-0.017132113119916,0.00762548233718279,-0.0127264066324603
"210",-0.0577193663658378,-0.0700736638280074,-0.0657180249666055,0.0365581811744767,0.0139116979840251,-0.0198194977916666,-0.00244586284930002,-0.00843658630416218
"211",-0.0568910810700578,-0.0694428582893051,-0.0627327970796896,0.0421382662261104,0.00136855061758934,-0.0286344538502847,0.00702975356987132,-0.0399324452974144
"212",-0.0581659485231962,-0.0671145391681813,-0.0600346186750931,0.0339447390236445,0.00404575216533294,-0.0292617300055285,0.00104676489552364,-0.031347262734002
"213",-0.0596902345500321,-0.0234283193137767,-0.0227948512360485,0.0275124964455778,0.000263175772959001,-0.0201477077147382,-0.00995690949540658,-0.0490794932712526
"214",-0.0498071771924984,-0.081644800849907,-0.0437921292748499,0.0452773276513727,0.00751347685508501,0.0586046514880435,0.00199166717297387,-0.0489169488526482
"215",-0.0582816651293499,-0.0646547534807572,-0.0654442308052936,0.0260442458885186,0.00206856709423225,-0.0244462656187859,0.00790060887420518,0.0205322006087747
"216",-0.0588116852333307,-0.0637158908446944,-0.0636676956263473,0.01870036605461,0.00282420058254974,-0.0270036284810683,0.00194736344568521,0.0273825430409527
"217",-0.0620755547976371,-0.0520732297026722,-0.0531172495337742,0.00691290422825894,0.00290223776734618,-0.0261105514403264,0.00197352304554038,0.0473563775744061
"218",-0.0577468003016815,-0.0614471502002002,-0.0422550776418101,0.0265566355782428,-0.00344291691836282,-0.0375025661239278,0.000423456718309933,0.0098489956355393
"219",-0.0588657645069171,-0.0593961082596724,-0.0409852520440551,0.0290312752243809,0.00645264838539527,-0.0319454498164862,0.000163412366255847,0.0242735283659989
"220",-0.0555089787964329,-0.0405964599449388,-0.0700768725822965,0.0271616094225752,-0.000858873420888353,-0.0629441888737766,-0.019007844399205,-0.00572611647090126
"221",-0.0486232452526403,-0.0925708899229515,-0.0662604631958763,0.0208205637517732,0.0130508909528875,0.0258106680419452,0.0238192074502002,0.0456819393510916
"222",-0.0495599180697499,-0.0901013263097942,-0.0651099467075894,0.0214421489379951,0.0121040461133439,0.0193257956906706,0.02258863642965,0.0497922301960502
"223",-0.051508579090274,-0.0577086298754365,-0.0688807393910986,0.0315597833725868,0.0170456657921155,-0.0421969924684686,-0.0409429941069993,0.0752968196933739
"224",-0.0529615370356555,-0.055333820912362,-0.0668248627776889,0.0360590383560902,0.018698844859838,-0.0437372688301079,-0.0487098889366985,0.0729482486247519
"225",-0.0410142513162269,-0.0518600999812229,-0.0641208046364074,0.0475476477078431,0.0166253698236007,-0.0232240350606261,-0.0269337805681391,-0.101263421843175
"226",-0.0519101652429025,-0.0716547096698547,-0.0750641296962063,0.0411672988881883,0.0259395102365478,-0.0278159613619021,0.00505660687620064,0.0528697790964693
"227",-0.0480196392223226,-0.0848161999228917,-0.0880372808470035,0.0426445049110601,0.0159139863890297,-0.023277349787286,0.0181269115847375,-0.00210601916233052
"228",-0.0494560158781315,-0.083605236804214,-0.0875119424394869,0.03462148076728,0.0185057161965597,-0.0300684202646328,0.0046145904908033,0.00725954364321735
"229",-0.0473162635512891,-0.0853282457168033,-0.085315834534527,0.0435399122584309,0.0057521865093317,-0.0311915444799688,0.0118787647760799,-0.0312875161634029
"230",-0.0492288975985989,-0.0835508072397523,-0.0821074147906673,0.0359302797196501,0.0116851982316862,-0.0323094412203389,0.00408615430013044,-0.0212476664716958
"231",-0.0392846338054511,-0.0535610408652992,-0.0149666896472885,0.0563543293291551,0.000331969407220725,0.018963761347146,0.0370847071794615,0.0102487978657116
"232",-0.0563098884072017,-0.0300118289291305,-0.0204576303427349,0.0393455006463166,0.00347153325061401,-0.0175710149818374,-0.00929089013295821,-0.0615499736413282
"233",-0.0567125419984269,-0.0246214772957743,-0.024578375110804,0.0325516190080024,0.000981492515541062,-0.0203904316676562,-0.015853245190759,-0.0566408247575623
"234",-0.0392066526580457,-0.0932420703122494,-0.0594084953404862,0.045880511228584,0.00847098669209454,0.0576828586432215,0.00674553143550903,-0.0450126895028736
"235",-0.046693679571436,-0.0852147184326317,-0.0884836143554929,0.0306468133663793,0.00496321290357009,-0.0172033820669181,0.0242312513521595,0.0211981858300748
"236",-0.055800949277223,-0.0705528426588716,-0.0656874492054636,0.0116403132161268,0.00127289929078295,-0.0174030369798356,-0.000971391512767194,0.0437122464667494
"237",-0.0560717519655363,-0.0701021324357019,-0.0667112638101254,0.00616743974740089,0.0061792442604901,-0.0164168522537222,-0.00672522692325597,0.0567746174860629
"238",-0.0525597348921015,-0.0687855637172683,-0.0481279405729816,0.0266993220874264,-0.00317619815621918,-0.0474942871344865,-0.00464524228928753,0.0114659576518647
"239",-0.0545368756133776,-0.0661134591538318,-0.0477703289542823,0.0296493366925996,0.0097795893191351,-0.0415647643506409,-0.00577835327355734,0.0308594841448007
"240",-0.0651333990662937,0.0191670771115006,0.0513349699465131,-0.0271835184061908,-0.00216777883048248,0.0213200936342417,0.00185059329893906,0.0115908842005924
"241",-0.0647640555432706,0.018813904686224,0.0523554385704952,-0.025502826444412,-0.0093312798548659,0.020185236213967,0.00448065339904027,0.0100994709923713
"242",-0.0637950926242894,0.0395698652493108,0.0492098104547382,-0.0204132987377141,-0.015697370643603,-0.00897490426463056,-0.0150097519200025,-0.0105602209122099
"243",-0.0639617499378178,0.0401799366169144,0.0474331510511463,-0.0163814389260996,-0.0146272076724833,-0.00772569339659432,-0.00957648780710637,-0.0183693346102211
"244",-0.0608081214347302,0.0326607550315178,0.0474986275511223,-0.0365110554705057,-0.0179778296545757,0.00302009438533052,0.0204202240768294,-0.0250770126203567
"245",-0.0610243011973359,0.0310765105824247,0.0475544292294108,-0.028569017264511,-0.0150694526013986,0.00480049685041273,0.0295074184538967,-0.0291833026002096
"246",-0.0613951757405596,0.00711239611946112,0.0453922519788764,-0.0275222958600423,-0.00826644149959146,0.0378835580430439,0.0170473996812177,0.0324046052025015
"247",-0.0600239675932064,0.00481780333888635,0.0495855301387502,-0.0308412848199449,-0.00760261875041071,0.0444845777300519,0.0211658031020898,0.0395278662543137
"248",-0.0678099397956681,0.00827590368093009,0.0326509005778122,-0.00469781432624798,-0.00139499657431421,0.00448076101859426,-0.00384757697554267,0.00316391492644896
"249",-0.0675377009523798,0.00853949159567654,0.0342774590627615,-0.0058136500089836,-0.00497011974497686,0.00569561257664769,-0.00370279736345903,0.00174008149719798
"250",-0.065258082067685,0.0155858344255344,0.0466736288660239,-0.0228244700335025,-0.0157591541046498,0.0141761235510165,-0.00927163928816705,0.0222005522316216
"251",-0.0621107581334016,0.0360418024171471,0.0615299909909087,-0.0285962715926748,-0.0264301124104559,0.0248308347599889,-0.0048985752607615,-0.033375275474675
"252",-0.0635278454368746,0.0352027176970439,0.0623314558476844,-0.0324429111675319,-0.0160494124073169,0.027426463710187,-0.0172415589570587,-0.00578163663463184
"253",-0.0636557895698598,0.034861856026928,0.0636834515125863,-0.0293943446078522,-0.0170526897799428,0.0276532089781941,-0.010120091835262,-0.00996386951965265
"254",-0.0642253186084167,0.0319433809812024,0.062734548266467,-0.0327447546333008,-0.0155700626118678,0.0279513578815066,-0.0129926174763866,0.00738140085512535
"255",-0.0638460334149391,0.0319914380314092,0.068539614096472,-0.0371986396712427,-0.0194290513045003,0.0279424267376279,-0.0073858277148306,0.015213448587314
"256",-0.0649753993599413,-0.00457871594324435,0.0219577715696509,-0.010224779592669,0.00315638748185567,0.0182638266732431,-0.0158192864815744,0.0443719806757581
"257",-0.0660376538256224,-0.00614531421359825,0.0297129587765077,-0.0195605739406145,-0.00424488704471946,0.0189182853871381,0.000658476947194511,0.0531798593294262
"258",-0.0657713640313384,-0.00727828315701567,0.0275850218150227,-0.0230937627600542,-0.00468168327567923,0.0191871752295302,-0.00449915115222886,0.0558628111945296
"259",-0.0649187865372687,0.0285055908794624,0.051205406337089,-0.0222487638325734,-0.0136843696129576,0.015041807666432,-0.026986477063831,0.00647840511402028
"260",-0.0646360214842949,0.0272384026884442,0.0542006811371931,-0.0233650396774914,-0.0140983494320152,0.0165299330516285,-0.0246684049233515,0.0083778131196611
"261",-0.0640474443135454,0.0372535834111442,0.0615869143092666,-0.0342093572995529,-0.017347733677489,0.00271697861860855,-0.0105850738879415,0.00326938031227563
"262",-0.0639193474408467,0.0361179094356767,0.0625338596483737,-0.0321536592883672,-0.0197545644611383,0.00440867354118731,-0.00862885630574839,-0.00167980443473938
"263",-0.0662597310610084,0.0285803101922832,0.0444706554330377,-0.0180952831294171,-0.0086993732286036,-0.00649812283701281,0.00324651202885702,-0.00491618237966275
"264",-0.0663925448738451,0.0273282410157539,0.0427639135270805,-0.0116408149920808,-0.00818309453815109,-0.00881051160087474,0.000973453804868955,-0.0163411159557891
"265",-0.0618732475730957,0.0364021727596035,0.0524097531988138,-0.0276480290830544,0.00067723827159702,0.0299569398336813,0.0115453878831729,0.0118680018248231
"266",-0.062471280624713,0.0346686649943606,0.0528861414248568,-0.0300049537535592,-0.00681720608563749,0.0286676086240788,0.0147251080607414,0.00566500645987358
"267",-0.0641638435678982,-0.00448049155847707,0.00673482816546503,0.0280510427914545,0.0260046746069277,0.000271825053611327,-0.00105193405063784,0.0237349412830637
"268",-0.0644585671293821,0.00298507859277684,0.000299135345874688,0.0264742001832369,0.0255557466651349,-0.0132497408858014,0.00331306272947151,0.0187544275540909
"269",-0.0457270456042473,-0.0267017256107753,0.00992501296604545,0.0453880103423511,0.0186884713656479,0.0204332988982857,-0.0274133893016909,0.0229588294602529
"270",-0.0431820759423771,-0.0257052898387028,0.0115654075890151,0.0575600585442775,0.0194258533840199,0.0184607411685795,-0.0460447641238341,0.0248763214153763
"271",-0.0542093000596254,-0.0139977160839134,0.00546737063411588,0.0092910977988496,0.0174997327334128,-0.0115629224831884,-0.039348543293802,0.109763900507631
"272",-0.0578160966189821,0.00012227987151671,-0.0233125125799132,0.00399639130721579,0.0126751692970938,-0.101502967725687,0.00581709090340232,0.00811579048007157
"273",-0.0564731505722775,-0.015918483860993,-0.00138542005744273,0.0337006043717197,0.0236605336626843,0.0437802502724428,-0.0248811401890872,-0.0170428686571321
"274",-0.0605548795357533,-0.0104174207630004,0.00786392145469748,0.0171781336541672,0.032230602609402,0.0232881642051764,-0.00858311338791612,0.0406876409415257
"275",-0.0622693207781707,-0.0052497746340229,0.00566782266778702,0.0171787439336339,0.0293198721989782,0.0134974622865666,-0.00799072849344575,0.0398996541020058
"276",-0.0635708526082109,-0.0135312028167031,0.0152023686988136,0.0145723460432952,0.0215686942284623,0.00559474763944406,-0.0177225037019373,0.038729904476588
"277",-0.0644253733827931,-0.0109005910745483,0.0177671696625451,0.00956184741811963,0.0202640023759975,0.00507194105658364,-0.0162439030357407,0.0524778755092052
"278",-0.0554238818818819,-0.019320018757105,-0.00422105886919464,0.013681663136783,-0.0058108448828228,-0.024061647552081,0.0380118543903968,0.0642851682370667
"279",-0.0548781304849948,-0.0169813688964326,-0.0104456734499155,-7.93342579236285e-05,-0.00606475174572263,-0.0171210364178396,0.0222368241103133,0.0885019586287531
"280",-0.0625624428051622,-0.0132296451244931,0.0129690463769654,0.0205361955802813,0.0219043525199149,0.0351571396570986,-0.0190727830825746,0.0546643340825836
"281",-0.0629695549822838,-0.00724184086214702,0.0109960235455203,0.0181959718577056,0.0197747877613205,0.027089415414039,-0.0207544713192646,0.0535631494903233
"282",-0.0628411117683429,-0.00382810386743372,0.00259974753656122,0.026970471280022,0.0078983249621082,-0.0373576888665178,0.00790840687518537,0.00912254025415385
"283",-0.0635808898756037,-0.00296086399384958,0.00139812698610835,0.0247665015408257,0.0128828304047798,-0.0413495636058637,0.00569747712611849,0.0147167711956015
"284",-0.0628631781561442,0.0168524757900012,-0.0146013006757899,0.00630045579599609,-0.00622916512314065,-0.0999785578470212,0.00772763796518035,0.0426414691359571
"285",-0.0628803756573064,0.0171947670359317,-0.0167296956500971,0.00894862737662289,-0.00327001651484147,-0.0983874713821979,0.00744135654313195,0.0416167948370674
"286",-0.0586313088098629,-0.0172751271636293,0.00489599722765396,0.0129979436637809,0.0248017099926357,0.00577794944970432,-0.0168966980256854,0.0633034632882036
"287",-0.0596025108896347,-0.013786564277233,0.00648058379942453,0.0141443455484682,0.0332967965028873,0.0100558569731462,-0.00744777496691603,0.0652366616949909
"288",-0.0235700200040069,0.00276187233381282,-0.0308765968835642,-0.0838303406242718,-0.071959719755839,-0.076680087523237,0.00923499123631907,-0.0356708364214779
"289",-0.0307847282206333,-0.014124068547103,-0.0314589912781892,-0.0997716649611014,-0.0668110924709299,-0.0723953845312352,-0.0181540054602199,-0.0252725503569034
"290",-0.0160993158583409,-0.0771243685639137,-0.0146664396874317,-0.139560193192553,-0.0811007608524066,0.065434540639966,0.00789838252464875,0.0554628005704033
"291",-0.0183271516515537,-0.0020179561408825,-0.0240530640086194,-0.156467715813037,-0.0636667102311346,-0.0790422905346272,-0.0318209395121499,0.0716411372888929
"292",-0.017889238557475,-0.000454251077071588,-0.0204912649783809,-0.161895815906951,-0.0655089372205076,-0.0758909622729082,-0.0217392137970558,0.0702974171355996
"293",-0.0410741898096461,-0.0445547890447085,-0.0386635052645116,-0.0667764271014334,-0.0366494049551584,-0.0450767689373648,-0.0469281131353787,-0.0761595235430823
"294",-0.0422452716425839,-0.0467918235529749,-0.0368371152769502,-0.0750742506075794,-0.0381514669681932,-0.0341169673396996,-0.0561759676910632,-0.0630815183529829
"295",-0.0269162761116359,-0.0581465316043899,-0.0140258755919171,-0.136947328463721,-0.104666588987009,0.0358183990441033,-0.029828708632194,-0.117681252938439
"296",-0.0311455502956721,-0.0545211036278666,-0.00950821054907591,-0.142374356510806,-0.0952456619981324,0.0159036584341707,-0.0393813006661367,-0.106499224304484
"297",-0.0271153391680585,-0.0611205581952278,-0.0165564203007837,-0.116120945674621,-0.109384799319101,0.0180786823382282,-0.0269560902478973,-0.167421875218988
"298",-0.0306941154629203,-0.0610178417113627,-0.00963425614141473,-0.130618930363167,-0.0973571021516728,0.00757244516788379,-0.0396156658998241,-0.138254725379464
"299",-0.0152072744161928,-0.0743100198277448,0.00901292003102019,-0.0438843836368001,-0.0590615120548678,0.141110403733458,-0.0505643146848205,-0.139339907229496
"300",-0.0234480994016928,-0.0729922775461165,0.00511207165430182,-0.0657574245674623,-0.0621750203075885,0.103842158428994,-0.0673577445797574,-0.120306368588193
"301",-0.0297218711757768,-0.0679089687873124,-0.0595165597573798,-0.136609630748996,-0.0908576597881528,-0.0161108749273629,-0.0242964976132341,-0.0058485966311938
"302",-0.0299350933185059,-0.0684271488948658,-0.0483463853943938,-0.144688255851195,-0.0879121518181977,-0.0254317469204892,-0.030587526832856,0.0099215846690141
"303",-0.0346286075269375,-0.0708583597478007,-0.0448561245264038,-0.134618357294687,-0.0570022903882179,0.00873807853908753,-0.0230815149847619,0.0621936580892772
"304",-0.0341596850932541,-0.0714909650756446,-0.0450827299914084,-0.139846345888517,-0.0504435352494415,0.00465137522288664,-0.0336100716159445,0.0798129093596822
"305",-0.0170939080165181,-0.0475929336850424,0.00560596665301365,-0.102748559944487,-0.0659563061898457,-0.0277476954279208,0.00469194519302665,-0.00248223431206082
"306",-0.0150019291876529,-0.0434796791475273,0.0129303689677153,-0.124185016182893,-0.0687134151494507,-0.01696185136981,0.00259498661121624,0.0112962132910702
"307",-0.052383174808818,-0.0232977423585147,-0.0126789472518402,0.0386398120304928,0.0246428902635899,0.00488205732914208,0.00811869008142109,0.0444646442055429
"308",-0.0529095953232706,-0.0227905879787902,-0.0137447997316826,0.0400317544865945,0.0235407385075532,0.00502908641644918,0.010245980449654,0.0401601053042607
"309",-0.0475301497486619,-0.00352428710086867,-0.032676689962085,0.0310424325207714,0.0348354719904949,-0.00722019958422506,0.0210368740775945,0.0283420167271801
"310",-0.0477384675142619,-0.002745341572844,-0.0315346300472477,0.0307001129474636,0.035092858095725,-0.00795882495863333,0.0203489873001497,0.0255226349035579
"311",-0.0420830402944239,0.00688728628261818,-0.0330961426167769,0.0253264441097541,0.0505663864557823,-0.0248788139679337,0.0230533426354705,0.0228035444512394
"312",-0.0423637065085775,0.00530219922533554,-0.0333085725433887,0.0249549081660357,0.0505194310601473,-0.0229265826379841,0.0248161635927421,0.0173316615606705
"313",-0.0389268773501648,-0.00913357848228601,-0.0181490833481909,0.0339275884389248,0.0345177240439294,-0.0357280632750483,0.00773440480786731,0.0278538994987755
"314",-0.0391690386770843,-0.00746980249050633,-0.0207176786106645,0.0358959165944461,0.0330781245672861,-0.0378893636081476,0.00949235171219528,0.0220953909385989
"315",-0.050169897366711,-0.0028188430712325,-0.0234089009279427,0.0350861801051215,0.0282539463772205,0.0223193770808008,0.00079041009941541,0.00630419460998129
"316",-0.0453692106591954,0.0018380105152908,-0.0143977027074167,0.0356611941499065,0.0136063041313738,0.0297672793688336,0.00981035683264003,0.0556281372806389
"317",-0.0448974637792519,0.0035419724269734,-0.0144587280937064,0.0358729365933536,0.0153498605175612,0.0281555709576736,0.0152150980159049,0.0665136967588309
"318",-0.0283613785727529,-0.00606658916754316,-0.00902651397876818,0.0346377931368689,-0.00772545071909711,0.0351801992270593,0.0428259845729194,0.118128876323891
"319",-0.0262450945209465,0.109619651334145,-0.0883332589808177,0.057041656588035,-0.11381907346,0.0272459224487705,-0.0317488904637575,0.0134725473269497
"320",0.0227704155056974,-0.0888729071079411,0.0540082249025438,0.0186171643708547,0.0419669010358279,0.22942594430666,-0.0329318224081631,-0.0502888706731539
"321",-0.0308906604470081,0.110837477109442,-0.104509960811633,0.0243626487344588,-0.0513963452382198,0.0611291678003442,-0.0313328774340268,0.00775553317003282
"322",0.000363752639429738,0.0623399611400119,-0.0619280116657369,-0.0261256912215898,-0.0612621112223399,-0.0365802706467321,0.199355318901082,-0.0593214319945269
"323",-0.0201378430818721,0.107627107981289,-0.103231961114123,0.00152181462861599,-0.0678891799229073,0.0199209955688583,0.0901626776392915,-0.027861822085489
"324",-0.0325067082237358,0.0842786537618941,-0.0832548766533949,-0.034632575141059,0.0214827059549502,-0.0423518545947304,0.102577695820785,-0.0322798390310965
"325",-0.03193089731834,0.0845339823129416,-0.0841572829429026,-0.0326197328885908,0.0202051474811185,-0.0330364477130424,0.0994745199303653,-0.0341286539583042
"326",-0.0186851829740933,0.0285616334836097,-0.0725455373257838,-0.0198170900424862,0.028020624643224,0.0990421069343208,0.14506160966712,-0.0391739702823835
"327",-0.0185531546700139,0.0209932561326699,-0.0749271805441592,-0.0233247227831257,0.0268913927929751,0.0968330854834411,0.149147399835342,-0.0358824149099134
"328",-0.0204643932208698,0.0677198926178629,-0.071675496186329,-0.0206070782127718,0.0144743148115767,-0.00434718855320954,0.132474120949804,-0.0432711631898404
"329",-0.0210490281411118,0.0635663784174801,-0.0754829021068621,-0.0277930477154161,0.0142000509251078,0.000424850777866028,0.139838667673904,-0.0465766479765422
"330",-0.0199851208544048,0.0389732946963937,-0.042541116236492,-0.0393818313915127,0.0522923719768015,-0.00204730613347269,0.119306115203397,-0.0636020012251217
"331",-0.0221434754120569,0.0517282568008643,-0.0491628309240026,-0.0425274746389734,0.0585463114122829,-0.023549537731145,0.114597066232012,-0.0709274184410519
"332",-0.030715090133581,0.0585967498590723,-0.0583119464201227,-0.00992462182341302,0.0108050494118458,-0.0562262470221758,0.10147234812603,-0.0216869757795363
"333",-0.0112479025057816,0.0156963097076583,-0.0111296533835349,0.00177977857507402,0.0291062196288917,0.00864467917500939,0.0785457100745725,-0.0885171988129108
"334",-0.0098107321523713,0.0113306042210829,-0.00777810480564418,0.0126379940560687,0.0194056292770616,0.0152434748711276,0.062830947966939,-0.0864133533239878
"335",-0.0131044817554935,0.0815867294044165,-0.0469225494292797,-0.0245481905917738,0.00559625669606431,-0.0687931423916054,0.0746198262636264,-0.0509008090547143
"336",-0.0136394626136775,0.085322548422805,-0.0480536057490471,-0.0224951319882871,0.00712476742282559,-0.084786388076249,0.0688825466729442,-0.0595459042950584
"337",-0.0141521221307758,0.0369779322417874,-0.0533134835317746,-0.0591426736909139,0.101440596062489,-0.00636537524298001,0.0917011468761478,-0.0865016260848017
"338",-0.0173743088105728,0.0829589723143248,-0.0785769428481488,0.0347887949903842,-0.0879771800623811,0.0251051960204428,-0.020834068717547,0.0222604339998916
"339",-0.0222008037530626,0.055147656802278,-0.0980146505974667,0.00972863455678514,-0.0780392294604657,0.0220569853905379,-0.0448706741841226,0.0580893744477042
"340",-0.0226463637878607,0.0498385032198351,-0.0972906917635795,0.00715384543349335,-0.0795732650593931,0.0182427289916448,-0.0561439419206023,0.047777335663153
"341",-0.0109352792563176,0.0510900205446006,-0.0566486442736675,0.0132040500521637,-0.0619715899859361,0.00667268951643564,-0.0560962668865454,0.0577736134935912
"342",-0.00880883227780293,0.0467283005008237,-0.0553961606611706,0.0177033161089522,-0.0615527186054056,0.0133582033483899,-0.0562236122388217,0.0588295205917393
"343",-0.00455261344606425,0.0434248430927928,-0.0413270282015811,0.0373174456454257,-0.068536284413042,0.0793937916284907,-0.0244046037964646,0.0399615944871058
"344",-0.0033660587853224,0.0449498659382773,-0.042205833396428,0.0347379542641809,-0.0710215904109496,0.0700816972861501,-0.031698997413407,0.0441792232337192
"345",-0.0116866943316502,0.0366046556149244,-0.0378958043392036,0.0209143777477071,-0.0435692771531224,0.00934426627187442,-0.0130797473561718,0.0436374367742491
"346",-0.013729167163513,0.0429005383324203,-0.0412227770085541,0.0229071802303558,-0.0498940898369763,0.0164123345189306,-0.0283928094016605,0.0274109965767745
"347",-0.0222664042174072,0.0675907627602938,-0.0520598860914762,0.0485796143404052,-0.0718922490946753,0.0287447378874743,-0.025906610443475,-0.0288560408660145
"348",-0.0227285171740726,0.0680596624899598,-0.0526911951271337,0.0485647223531456,-0.0687610902111418,0.0303842005817561,-0.0300166809242299,-0.0261901275108069
"349",-0.0166237336224889,0.0554495626598649,-0.0592028034117466,0.0403421676730315,-0.0775124462885343,-0.0120745525209471,-0.0086358352690093,-0.0797232370129212
"350",-0.0189121135066902,0.0521539473758965,-0.0614449500248084,0.0414798001435282,-0.0758213812071884,-0.0147365047234161,-0.0185725643948616,-0.070669944953665
"351",-0.00598262801935212,0.0475100438380839,-0.0385539337422341,0.024842805165086,-0.0507176569645681,0.0121002163925903,-0.0528048168013521,-0.0168317816927995
"352",-0.00658352196975135,0.0499538223904957,-0.0402813436349804,0.0249356705293534,-0.0504253509964578,0.00829963341496326,-0.0597935721955322,-0.00705805443065586
"353",-0.00916042413512507,0.0536253616444545,-0.0464164303302781,0.0261307150463111,-0.0481169143655834,0.0290605753133731,-0.0385828211690139,0.00681292993965669
"354",-0.0112210206802359,0.0618354052567111,-0.0501723658266319,0.0311850343489422,-0.0499350357839321,0.0385642606179644,-0.0481225064410652,-0.011600795053804
"355",-0.00641183507067079,0.0394237257928082,-0.0408860428471371,0.0265007382016093,-0.0567958253507971,-0.00894613038474069,-0.0298905945033536,-0.0288532048261384
"356",-0.013085355274929,0.0564520240399299,-0.0518323895331836,0.0415749406583269,-0.0597465708082152,0.035837382010203,-0.0274812277590425,-0.0284481757340881
"357",-0.00656552937005634,0.0225498057613704,-0.0311912888605867,0.0365371281221274,-0.0326901336194979,0.0695910978729896,0.0028079057864411,-0.0366187537653333
"358",-0.00170089945098483,0.0331985468373755,-0.0343509861141611,0.0304607012500611,-0.0452672090476299,0.0614244734809062,-0.00104458868682834,-0.00433285595786299
"359",-0.00737956811695707,0.0342952695074784,-0.0329982255104766,0.0272311543792964,-0.0510864081118072,-0.0199607524370072,-0.0174409228367668,-0.0615516285369615
"360",-0.0105656252793225,0.028693641694013,-0.0329687757199519,0.0314472178054662,-0.0492310906247675,-0.0218862478801301,-0.0421191423618317,-0.0372716097941046
"361",-0.00317516100627932,0.0357999460383943,-0.0378694347260258,0.0394286062529468,-0.074316962062671,0.0103953009730263,-0.0264049362469002,0.000381245291085957
"362",-0.00447502036277502,0.015584293363945,-0.0306914237505935,0.0506393731562663,-0.0730834965771826,0.0285576705559411,-0.00822867948842931,-0.0162231532128079
"363",-0.00106820082006626,0.0232815113623571,-0.0341316993749154,0.0368497984010475,-0.0598393243010552,0.0324659700749255,-0.0107926664509707,-0.0174601455628991
"364",-0.025464028482848,0.0644198466060613,-0.0440516931555702,0.0402159999233132,-0.0509986007371827,0.0163435702821418,-0.016329639963505,-0.0388789614257595
"365",-0.0144379339820212,0.0394983253230314,-0.0322720557400322,0.021132626185796,-0.0252194756674429,0.00381441664061783,-0.0133045114143011,-0.0129043192940819
"366",-0.00771131665034373,0.030740411564009,-0.0358972110021164,0.0259395151066066,-0.0415724175670493,0.0506380490554624,-0.0281101468538365,-0.0223181286467584
"367",-0.00946399003916539,0.0323237513827795,-0.0414642888819534,0.0306198230701156,-0.0410275534276182,0.0624253178408514,-0.0314564035892958,-0.0430489737320303
"368",-0.0106364136834705,0.0253875355668151,-0.037674038809437,0.0309323858326405,-0.0372519785912785,0.0576249212699987,-0.0265969512995044,-0.0500624492632052
"369",-0.0143140873241544,0.0678941945869834,-0.0507433238360344,0.0167252373370898,-0.0450610312158977,0.028193151028186,-0.00656040428383838,0.00922516813276839
"370",-0.00399808624516983,0.0522818713220714,-0.0409504566531039,0.0290850892234724,-0.0728517495259479,0.0381529360899982,0.0179862634876339,0.0304276269874685
"371",-0.00148644308897869,0.0400893495742494,-0.0297477957966495,-0.0132376565688487,-0.0448002587316328,0.0484948754395745,0.111770834340711,0.0658735694600689
"372",-0.00303457047354617,0.043874856304731,-0.0276043050638682,-0.0160642591868354,-0.035493767125165,0.052807704339386,0.112598789374633,0.0532739344199657
"373",-0.0168051695629787,0.049430924227185,-0.0465609232286329,0.0343297405444257,-0.0510554154940652,-0.00684789405376827,-0.0392704350804663,-0.0292848474393873
"374",-0.011144409720973,0.043897647360446,-0.0433949212633823,0.0148208190693957,-0.0452612562302671,0.00294248195102109,-0.0385877221969369,0.0134305228840727
"375",-0.00190389657447896,0.0614383679599935,-0.0564016719022035,0.0342678804312556,-0.0556310916873416,0.0472573962735103,-0.0536918083958057,0.0922244926056043
"376",-0.00176857058513746,0.0417215786353497,-0.0528523939753989,0.0371135612548479,-0.0533480561015933,0.0495828881249189,-0.0574216543658717,0.0829581317148667
"377",-0.017605855087109,0.0751233563145638,-0.0645411032681116,0.0256641274428376,-0.0735046165191315,-0.035514851583803,-0.022830387043849,0.037705230191422
"378",0.000526739821533622,-0.00176417714884739,-0.0198281566058014,0.0367154867020939,-0.0249156260174675,0.180435844841726,-0.0337948109388047,0.00927605232306873
"379",0.00172469188637266,-0.00625258534148551,-0.0155752203074403,0.0318096059218158,-0.0222996025681813,0.17290401573906,-0.0308694738890889,0.011071884441833
"380",0.00252054519214255,0.0380372819962113,-0.0489324830391921,0.0286109502318846,-0.0545461808350615,0.126517269294504,0.0167114997660906,-0.0373173269550339
"381",0.00146565433851162,0.0326289079951755,-0.0437366910137531,0.028500540526277,-0.0507655771569651,0.142617087927121,0.00908463099387054,-0.0358923642301742
"382",-0.00945838176483004,0.0635796950559448,-0.0651157800356212,0.0340157261012169,-0.0832942965924659,0.0611279690795504,0.0218478696073558,0.00509631627995705
"383",-0.00342536866773527,0.0544136441366076,-0.0333717800200661,0.0383787108693111,-0.0683979069198156,0.0567465199545847,0.0341925164636102,0.0364977276883255
"384",-0.0164330382894009,0.0711851762491481,-0.0664245714561354,0.0348775219584081,-0.0682406690599784,0.0224020966642898,-0.0280227330906187,0.0265944761197626
"385",-0.0185222664919031,0.0662581374885343,-0.0665828229340686,0.0347639267096346,-0.0733889499830172,0.00238588225264227,-0.0405952177952129,0.026115207239475
"386",-0.0122087335879908,0.0502231551553301,-0.0441727356980353,0.0196150859853739,-0.011707924930858,-0.0217032649642668,0.00220127864520413,-0.0953570860456867
"387",-0.00815075394406691,0.0484321192328408,-0.0440387504469689,0.01966225774639,-0.0138977849893237,-0.0176069263443012,-0.00420117329640759,-0.0990023797630855
"388",-0.0269057673288729,0.0492556682997724,-0.0573014457516468,0.012651240574133,0.00647570806850347,-0.00284035056775765,0.0356755117876378,0.000887355829268975
"389",-0.0269993437010594,0.0452357470709224,-0.0565833118912571,0.0169523033869565,0.00308241465399078,0.00181950784161583,0.0244861184283535,-0.0112332908324379
"390",-0.00861227162826185,0.0565286859412577,-0.0449207486509815,-0.00752992292154118,-0.00250828270306971,0.0812154519203387,0.025084087681177,-0.0178775212915828
"391",-0.0116607613381618,0.055363439145316,-0.043752532581226,0.0269827199017349,-0.0317912523989623,-0.0183760714255244,-0.0683053223407002,-0.0813212963164121
"392",-0.012049869658676,0.0599671791643173,-0.0621898071777985,0.0403555997919102,-0.0574048126269595,0.0156599943953105,-0.0629027828895399,-0.0133226545699649
"393",-0.0120816083234592,0.058794541417067,-0.0581522914720946,0.030991194721085,-0.0492279922535772,0.00629776568539912,-0.0740927689185679,-0.0221271682918031
"394",-0.00459807814226083,0.0452511141165964,-0.0504940331290206,0.0241500926306321,0.000994240387266419,0.093351103657448,-0.048895623412549,-0.0334653102820653
"395",-0.0154800434291904,0.0628748132514658,-0.0506352277416192,0.0168545038170399,-0.026741764801263,0.0245747578164997,0.0254791496626212,0.0131998627826546
"396",-0.016505965943359,0.0640002281088639,-0.049786305767975,0.00852383502833515,-0.0198328396078985,0.0261247778617035,0.0113168431596317,0.0310204769531196
"397",-0.0160400033297389,0.0578268017721291,-0.0556211426702687,0.0174112649986892,-0.0670653299806711,-0.00416269575468375,-0.0290166720885522,0.0500998701964371
"398",-0.0104348089326945,0.0773923399865511,-0.0668409453036757,0.0314112252368656,-0.0914334077871663,0.00825857312275853,-0.0811824563637185,0.0460221880374065
"399",-0.00842156369223586,0.07564918629916,-0.0648804551866873,0.0347062031547621,-0.0938004952593297,0.0106546092443709,-0.102018835774405,0.0496779906855502
"400",0.00218999783393722,0.0435885046900001,-0.046060422565128,0.0170626198189851,-0.0745739543347199,0.023858871702344,-0.0411888432280533,0.0456968366274287
"401",0.00193720667160836,0.046237571489549,-0.046618145391862,0.0191310125986213,-0.076579602189271,0.0287261393899225,-0.0525054941616191,0.0540831278058502
"402",-0.0167096663183153,0.0681984029722765,-0.064846581256099,0.0238460348509986,-0.0437891236277407,0.0574952192718419,-0.0640332856216932,0.0171538922676704
"403",-0.0159019722217917,0.0780601130926792,-0.0699870560721653,0.0217097524683001,-0.0571604067050034,0.0394933489694744,-0.0821350447067121,0.036055755903739
"404",-0.0035461292326655,0.0706160083683465,-0.0491733612762463,0.0225342176447318,-0.0676162389514648,0.0174357404182462,-0.0754756557279214,0.0678705410636078
"405",-0.00538116681312706,0.0759581086246682,-0.0563853292652795,0.0299864594982469,-0.0648437065928837,0.0423152060071322,-0.0893468546877274,0.0544771946923128
"406",0.00620914700061703,0.0444693257639939,-0.0378225654107946,0.024610772911669,-0.0705603803539388,0.046870835633609,-0.0659646197711607,0.0590073281784833
"407",0.00123632775782145,0.0563730572240889,-0.0450125689863441,0.0350734804926877,-0.0673030112224128,0.0609475737461826,-0.087074882682919,0.0352411910300313
"408",0.00211135688872068,0.0239286322558005,-0.035598386668855,0.0183006059096896,-0.055226533234898,0.114219630406492,0.0792600596592703,0.0117382932601807
"409",0.00071978348901371,0.0357499377913345,-0.0359366820191993,0.0276369746239704,-0.0614032289377125,0.0965974383999117,0.0708345384656296,-0.0040078053002721
"410",-0.00863023390565954,0.0585435649520231,-0.0254331788860938,0.00706644648920574,-0.0553362929335273,0.0161456860483299,0.0817337519855516,0.0931116949106022
"411",-0.0319541763204811,0.0173660017718549,-0.0542290692432149,-0.0128873322412929,0.0215679547349791,0.0205294254882204,0.10944944400237,0.0414376297249673
"412",-0.0285184874210312,0.000958559909151559,-0.0403211604239191,-0.0156417192374082,0.0285179385493945,0.0542450576104213,0.113109744539953,0.0669560706871834
"413",-0.00315135353957429,-0.048959359373676,-0.0805246275528077,-0.0502188351181999,0.0194893274668876,0.153160093183286,0.207135178635383,0.0211768537233434
"414",-0.000823624580941975,-0.0521163123283751,-0.07973569999707,-0.0486962353599769,0.0188234780569696,0.161562915330528,0.197142038675941,0.0216926022093854
"415",-0.0124531696688224,0.00618572131819882,-0.0598669555704738,-0.0713850999664768,0.0779783108639518,0.0740676646953243,0.170878456570752,0.0148541806740617
"416",-0.0168419163072068,0.0156260533440636,-0.0680488260513974,-0.0721339285468537,0.0790411858337104,0.0566563994870339,0.147111048825356,-0.0231270083473165
"417",-0.0319341772180354,0.0565026681295506,-0.070923125973715,-0.00291355870019396,0.0268866805869446,-0.0143719464247047,0.0657054523051505,-0.0282739878363016
"418",-0.0325185564832022,0.0540107528344964,-0.0738093134663143,-0.000264489938548962,0.0237169974509208,-0.0112032169079864,0.0709099411918881,-0.0365068870284014
"419",-0.0205649508802242,0.0782053882247953,-0.0620541168454761,-0.0140153676181491,0.0321970637472248,0.0153258051221162,0.0503008097982761,-0.0507641029596049
"420",-0.00994117392491856,0.081433599211464,-0.0554716000841976,-0.0623206131442438,0.0693333969519321,-0.00420631380804116,0.144454826380014,-0.0154614789416753
"421",-0.00828245933037136,0.0740108161315081,-0.0611896437527706,-0.0629655408071703,0.0751856290448743,-0.00194237432505828,0.130741039885882,-0.0388468905715427
"422",-0.0192258794578704,0.0732269683031587,-0.0581893246730143,-0.031330170492749,0.0270453198939902,-0.029718548146098,0.0891550435948684,0.0278081770941051
"423",-0.0225529697917683,0.050268823602825,-0.0518729472901042,-0.0822727924146852,0.129867880147894,-0.0139123176973618,-0.00182644153925323,0.0449439197991019
"424",-0.0240374290799461,0.0523061785298504,-0.0548328490573145,-0.0815329891263185,0.126910684576764,-0.00243846275032416,-0.0032037953107576,0.04305315528544
"425",-0.022130678181299,0.0556436716241683,-0.05104673956304,-0.0784584425218526,0.144412484914737,0.0194804218801844,-0.033193942923007,0.00876969051131553
"426",-0.0218253857687497,0.0555840073049744,-0.0514607337506997,-0.0797538074496917,0.144814004034285,0.0332742707679381,-0.037024389370811,0.00450267271526538
"427",-0.019506500498622,0.0758247306656449,-0.0636912098695778,-0.0631220781885778,0.133434003434129,0.0644822139560744,-0.0563072617692666,-0.0117014954670509
"428",-0.0289793416781272,0.0522272924149296,-0.0414428491621496,-0.0629869371571101,0.0954036599948047,-0.00971021849445436,-0.0454980852052782,0.0110313126055249
"429",-0.0192251974572958,0.0745033826769092,-0.0641492605952332,-0.0626149520299797,0.131468439389748,0.0659992401289973,-0.0637091603100917,-0.00680956288306968
"430",-0.0218628306458599,0.0661146859222432,-0.0634217631526003,-0.0186641706924225,0.0619220353330548,0.0433251263909977,-0.0306049150615792,-0.0247355217301875
"431",-0.0252066318418351,0.0538600800967533,-0.0618003599030875,-0.0451676046427004,0.121488615944744,0.0502896124272793,-0.0792844647805508,-0.0368204106435527
"432",-0.0269206286813611,0.0353592472158247,-0.0400470092287652,-0.0457024703975364,0.0818855287727923,0.0141704768426221,-0.0464260404258834,0.0153173765311498
"433",-0.0253587391149959,0.054930481164851,-0.0609122287722877,-0.0386392236797856,0.110307891234237,0.0457460987405877,-0.0672169064148068,-0.0413692863846233
"434",-0.0224479364168616,0.0613790323115329,-0.0688881717071054,-0.0626642222933144,0.134593761718111,0.039151805566073,-0.1000967887854,-0.024054460868909
"435",-0.0250987937755369,0.0498141119275744,-0.0482547513025616,-0.0684267723482764,0.11659256407692,0.0247897183833131,-0.0551768961260225,0.014206653216483
"436",-0.02079133000424,0.0581773897314887,-0.0672468299501995,-0.0610134989321958,0.132722454041845,0.0442519309202782,-0.0960252404763372,-0.0283935679021915
"437",-0.0227644054809657,0.0711251102631799,-0.0736558838775005,-0.0775659483065733,0.146606834020741,0.0291128737839585,-0.10519805654206,-0.0162105455682947
"438",-0.0262429542390826,0.0610398693984904,-0.0630378496022783,-0.083728927389735,0.133134176025442,0.031010649248607,-0.0766132663577482,0.0277544828922375
"439",-0.0227296771737047,0.0673965544242068,-0.0743776327072012,-0.0784128079242358,0.144364124142672,0.0344042252472322,-0.110515200172591,-0.0177983778076709
"440",-0.01984509175197,0.0607024008771028,-0.0667752120748312,-0.0808512230859922,0.141366505191518,0.0227220474742173,-0.0974104114009866,-0.0176224629242529
"441",-0.0220599540912684,0.0567681860860744,-0.0583659429930109,-0.0860214275092513,0.132627017793169,0.0273521821922954,-0.0799117784567554,0.0153826938239244
"442",-0.0219965823784687,0.0588527996658964,-0.068376512410534,-0.073923056643289,0.127436960810167,0.026791037933332,-0.0972417626337502,-0.0192594954540862
"443",-0.0231015202375712,0.0488390265878536,-0.0642448302617281,-0.0873815626743622,0.15197355763832,0.03304337892067,-0.0900612454338426,0.000220686299295922
"444",-0.018641246922166,0.0409716679944859,-0.0547701516517252,-0.0962792828598339,0.16591928155428,0.0560691925235482,-0.0784245820363366,0.00470151525661395
"445",-0.0240659254915979,0.0499411597593292,-0.0648469626376657,-0.0867013669174625,0.146979480122762,0.0318900313875605,-0.091129631379534,0.00406063946108789
"446",-0.030061264696784,0.045711272177873,-0.060113183673326,-0.0607907984010805,0.0901030146017383,0.0119544019074715,-0.0017978013142528,0.0345207630937065
"447",-0.0156862527294789,0.0564165135346386,-0.0445661436705915,-0.0135099399101593,0.0425749327134459,-0.021647475917923,-0.00492175545909151,-0.0761622601417081
"448",0.00830490936807173,-0.0835491384769773,-0.0437891512985654,-0.0291016028665915,-0.00231169154733085,0.0985033054578277,0.113051449275648,0.07732951011095
